zip,state,2018-11
79936,TX,96750.0
77449,TX,150000.0
77084,TX,149000.0
10467,NY,164500.0
60640,IL,134900.0
37013,TN,171750.0
32162,FL,199900.0
11375,NY,278500.0
11235,NY,259000.0
78660,TX,227588.0
28269,NC,135000.0
30349,GA,120000.0
94565,CA,425000.0
78613,TX,234900.0
75052,TX,170000.0
20009,DC,257400.0
37042,TN,100000.0
10462,NY,175000.0
60613,IL,149995.0
30044,GA,145000.0
77036,TX,78000.0
10463,NY,224900.0
60629,IL,129450.0
60625,IL,145000.0
85032,AZ,159900.0
78704,TX,218000.0
33160,FL,169900.0
78245,TX,137000.0
21234,MD,159000.0
23464,VA,149900.0
30096,GA,145000.0
75243,TX,94950.0
08701,NJ,195000.0
11229,NY,227000.0
77379,TX,145000.0
78666,TX,205000.0
60619,IL,84000.0
33139,FL,184900.0
33411,FL,132000.0
44107,OH,59450.0
33025,FL,135000.0
48197,MI,185450.0
02169,MA,315000.0
23462,VA,149777.0
90044,CA,425000.0
44035,OH,67800.0
90805,CA,449900.0
90650,CA,475000.0
11234,NY,202500.0
85710,AZ,144450.0
28027,NC,124900.0
19143,PA,78950.0
37075,TN,170000.0
60617,IL,89000.0
30281,GA,132850.0
32210,FL,124900.0
85225,AZ,168250.0
94558,CA,491750.0
80134,CO,280000.0
91910,CA,400000.0
87114,NM,149900.0
06010,CT,135450.0
17603,PA,129122.0
85308,AZ,195423.5
89108,NV,155000.0
85281,AZ,179000.0
48180,MI,72964.5
94533,CA,339250.0
43055,OH,89777.0
15601,PA,72450.0
95608,CA,299950.0
44060,OH,89450.0
97229,OR,262000.0
85364,AZ,115000.0
80013,CO,299950.0
33024,FL,163500.0
43123,OH,119900.0
20906,MD,218700.0
98012,WA,325000.0
76028,TX,165450.0
33908,FL,154900.0
65807,MO,99900.0
33647,FL,122200.0
60620,IL,90250.0
95823,CA,275000.0
92677,CA,420000.0
33009,FL,164900.0
45011,OH,74700.0
06902,CT,199250.0
89121,NV,179000.0
92345,CA,245700.0
92804,CA,399000.0
65203,MO,88000.0
27587,NC,175000.0
08753,NJ,235000.0
92126,CA,369000.0
46307,IN,149850.0
75228,TX,168700.0
99301,WA,207500.0
29732,SC,119900.0
60016,IL,127250.0
43130,OH,100000.0
28314,NC,62750.0
27610,NC,168000.0
87120,NM,152500.0
91911,CA,410000.0
94536,CA,575000.0
07002,NJ,269000.0
90280,CA,434900.0
23320,VA,154900.0
22191,VA,284950.0
89117,NV,160000.0
19111,PA,139900.0
34135,FL,161450.0
46227,IN,84900.0
30080,GA,152000.0
21117,MD,164900.0
60628,IL,74900.0
32244,FL,124400.0
90201,CA,441999.0
30052,GA,149900.0
92101,CA,405000.0
32822,FL,112450.0
32218,FL,119470.0
07093,NJ,258298.0
33186,FL,175000.0
32256,FL,129888.0
78641,TX,229990.0
90706,CA,479950.0
60626,IL,136000.0
30331,GA,120000.0
75217,TX,139900.0
10701,NY,143450.0
38401,TN,164500.0
33012,FL,160000.0
91342,CA,470000.0
37130,TN,159900.0
95123,CA,795880.0
60649,IL,71494.0
11372,NY,289000.0
43026,OH,120900.0
80634,CO,246500.0
92021,CA,400000.0
93065,CA,485000.0
23454,VA,155950.0
22193,VA,290000.0
45840,OH,87500.0
44130,OH,80000.0
48185,MI,79900.0
33063,FL,108555.0
33064,FL,136500.0
33311,FL,150000.0
02360,MA,285000.0
23666,VA,139000.0
72401,AR,50000.0
85705,AZ,129900.0
87121,NM,144900.0
20019,DC,268499.5
90011,CA,378900.0
33027,FL,136750.0
34953,FL,164700.0
08831,NJ,225000.0
58103,ND,138500.0
44077,OH,66000.0
94544,CA,592450.0
77082,TX,140000.0
19124,PA,95000.0
43228,OH,100000.0
55901,MN,129900.0
97402,OR,219500.0
33313,FL,75000.0
30127,GA,140000.0
29730,SC,80850.0
75150,TX,174000.0
23452,VA,155000.0
91335,CA,425000.0
71913,AR,69900.0
80015,CO,289900.0
27713,NC,156750.0
80525,CO,282500.0
43068,OH,124900.0
37128,TN,169900.0
32225,FL,132500.0
95687,CA,319900.0
63123,MO,95000.0
40601,KY,79900.0
85251,AZ,179950.0
93536,CA,358990.0
93550,CA,275000.0
33319,FL,90000.0
73160,OK,90000.0
94509,CA,399975.0
77057,TX,129900.0
89123,NV,200000.0
07087,NJ,289000.0
60615,IL,116250.0
30135,GA,144000.0
27703,NC,143750.0
23451,VA,159900.0
98682,WA,299923.5
76116,TX,156000.0
89031,NV,212900.0
33321,FL,139900.0
75043,TX,165000.0
02301,MA,269900.0
60453,IL,114900.0
60660,IL,125000.0
19720,DE,135000.0
19120,PA,100000.0
31419,GA,114500.0
29445,SC,160000.0
93274,CA,142500.0
33467,FL,119950.0
93307,CA,136250.0
95035,CA,904000.0
77521,TX,139000.0
21222,MD,138250.0
85282,AZ,173400.0
22204,VA,257500.0
20874,MD,239900.0
93309,CA,130000.0
92630,CA,391950.0
94541,CA,589000.0
60056,IL,127000.0
90802,CA,329500.0
33157,FL,139450.0
32246,FL,132000.0
95076,CA,512500.0
31088,GA,77000.0
85142,AZ,199000.0
28216,NC,129899.5
60085,IL,124950.0
37167,TN,167000.0
30253,GA,131745.0
20020,DC,199200.0
38655,MS,135000.0
90631,CA,464950.0
99208,WA,144900.0
77083,TX,150000.0
29485,SC,176500.0
15301,PA,64400.0
85345,AZ,185000.0
94513,CA,595000.0
75211,TX,152000.0
06516,CT,129000.0
17331,PA,125000.0
92154,CA,429450.0
92104,CA,396000.0
87124,NM,135000.0
97045,OR,299999.5
60637,IL,95500.0
85204,AZ,198000.0
21224,MD,134900.0
85022,AZ,184324.0
85301,AZ,144950.0
89110,NV,172450.0
20852,MD,228500.0
34293,FL,179900.0
28215,NC,121000.0
92646,CA,439000.0
83301,ID,130000.0
33458,FL,188400.0
77346,TX,150000.0
59901,MT,219900.0
98632,WA,165000.0
29579,SC,113200.0
60148,IL,129900.0
42701,KY,79900.0
92376,CA,285000.0
95670,CA,284900.0
19134,PA,59900.0
43229,OH,119900.0
45044,OH,68950.0
79924,TX,89900.0
33414,FL,182000.0
85008,AZ,154902.5
92105,CA,377000.0
45013,OH,90000.0
70072,LA,104934.5
89103,NV,142499.0
37129,TN,174900.0
33433,FL,160000.0
55124,MN,185000.0
67401,KS,64900.0
30101,GA,141572.0
78664,TX,224000.0
89074,NV,185200.0
14094,NY,84900.0
92122,CA,370000.0
30058,GA,125000.0
47150,IN,86200.0
23455,VA,163000.0
41042,KY,99900.0
12180,NY,135450.0
33015,FL,154100.0
96706,HI,385000.0
30083,GA,119000.0
08759,NJ,134950.0
53704,WI,152000.0
32303,FL,99000.0
07047,NJ,210000.0
98208,WA,351638.0
95648,CA,308000.0
84404,UT,199800.0
76179,TX,170000.0
07305,NJ,279000.0
90640,CA,467000.0
33141,FL,160000.0
01201,MA,129900.0
19131,PA,95000.0
33436,FL,132500.0
11354,NY,258000.0
89147,NV,169000.0
08873,NJ,255000.0
06457,CT,125000.0
54601,WI,124900.0
97124,OR,299000.0
98034,WA,309000.0
33021,FL,139000.0
96815,HI,312500.0
33324,FL,159900.0
22407,VA,249900.0
59102,MT,160000.0
34668,FL,122950.0
02780,MA,184900.0
30067,GA,137700.0
60004,IL,129900.0
11746,NY,267000.0
85201,AZ,157500.0
94806,CA,475000.0
29483,SC,169900.0
08527,NJ,255000.0
29588,SC,124500.0
22192,VA,274900.0
80219,CO,300000.0
92128,CA,408500.0
48066,MI,78000.0
78748,TX,236750.0
19144,PA,85900.0
83709,ID,209900.0
07728,NJ,236500.0
91331,CA,459500.0
94591,CA,352000.0
28025,NC,109950.0
19702,DE,133000.0
33023,FL,162500.0
70065,LA,123000.0
61761,IL,89900.0
45424,OH,71450.0
78223,TX,119949.5
90042,CA,457000.0
27106,NC,81900.0
28540,NC,88960.0
92020,CA,354495.0
94553,CA,557500.0
97504,OR,228900.0
93308,CA,120000.0
34748,FL,133000.0
85351,AZ,163950.0
32137,FL,139500.0
92399,CA,269000.0
98225,WA,235000.0
75115,TX,175000.0
97206,OR,298500.0
60402,IL,135000.0
84015,UT,215000.0
21218,MD,99000.0
77373,TX,139000.0
07055,NJ,214950.0
33308,FL,158750.0
11374,NY,299000.0
33437,FL,179250.0
92201,CA,248250.0
78228,TX,123750.0
33578,FL,137850.0
27529,NC,174900.0
65202,MO,119500.0
07003,NJ,250000.0
60638,IL,129500.0
99336,WA,178900.0
80538,CO,296250.0
92056,CA,409975.0
53209,WI,69500.0
92704,CA,339900.0
19145,PA,140000.0
95350,CA,240000.0
34698,FL,109900.0
28645,NC,59900.0
34997,FL,149999.0
06810,CT,167450.0
92071,CA,389900.0
08021,NJ,107750.0
19146,PA,134900.0
39503,MS,79000.0
96797,HI,368450.0
21206,MD,120600.0
33914,FL,159900.0
27405,NC,69200.0
56001,MN,133900.0
28546,NC,88950.0
92656,CA,435000.0
92805,CA,469888.0
97702,OR,302500.0
34952,FL,137500.0
92553,CA,281250.0
19140,PA,60000.0
22003,VA,209950.0
89119,NV,124450.0
61265,IL,79900.0
23225,VA,144950.0
85326,AZ,199000.0
32068,FL,128000.0
10940,NY,196250.0
80504,CO,317500.0
85374,AZ,182950.0
04401,ME,109900.0
96720,HI,180000.0
45238,OH,99900.0
44124,OH,88500.0
27616,NC,169900.0
12550,NY,200000.0
29720,SC,97500.0
63116,MO,89000.0
33065,FL,130250.0
96817,HI,385000.0
89129,NV,209500.0
75040,TX,159950.0
92253,CA,265000.0
85205,AZ,185000.0
60073,IL,127700.0
23185,VA,149900.0
78640,TX,219875.0
19320,PA,94900.0
77386,TX,137685.0
20774,MD,233000.0
34221,FL,168900.0
27526,NC,180000.0
48228,MI,35000.0
60630,IL,139900.0
89122,NV,177900.0
75149,TX,150000.0
23188,VA,164900.0
65802,MO,66750.0
33176,FL,169500.0
17602,PA,118000.0
21207,MD,149450.0
33020,FL,109450.0
92234,CA,229000.0
78250,TX,137700.0
55337,MN,183550.0
97301,OR,200000.0
97501,OR,200000.0
70816,LA,99450.0
80123,CO,285000.0
98661,WA,285000.0
47401,IN,94900.0
78681,TX,217500.0
87112,NM,149000.0
29414,SC,175500.0
20744,MD,268900.0
19149,PA,139999.5
93003,CA,389000.0
96789,HI,405000.0
19464,PA,109350.0
40214,KY,85800.0
22554,VA,279900.0
23434,VA,120000.0
85338,AZ,199999.0
62704,IL,68500.0
60643,IL,97192.5
34741,FL,125000.0
77042,TX,77500.0
12065,NY,159900.0
80012,CO,229500.0
30016,GA,138900.0
97223,OR,309900.0
63031,MO,86900.0
14120,NY,99900.0
77063,TX,102497.5
76549,TX,89900.0
92057,CA,369450.0
89115,NV,175000.0
55106,MN,174900.0
33322,FL,79999.0
76133,TX,167000.0
07083,NJ,280196.0
89502,NV,212450.0
85122,AZ,174900.0
07601,NJ,239900.0
95020,CA,749350.0
63136,MO,37900.0
85224,AZ,182250.0
43615,OH,59900.0
57701,SD,144900.0
33062,FL,169700.0
72764,AR,120200.0
27360,NC,75000.0
07470,NJ,249900.0
33033,FL,172000.0
29910,SC,193950.0
44102,OH,58750.0
30032,GA,127000.0
37918,TN,84084.0
43207,OH,97700.0
85375,AZ,189500.0
08054,NJ,131950.0
60411,IL,72000.0
45324,OH,66008.0
93063,CA,439900.0
98003,WA,244950.0
66502,KS,124000.0
55303,MN,194900.0
92103,CA,449000.0
32216,FL,129900.0
92223,CA,269500.0
01844,MA,299721.0
43232,OH,106931.5
37660,TN,64900.0
13760,NY,59950.0
87105,NM,117500.0
80014,CO,249950.0
27604,NC,159950.0
39401,MS,73700.0
85283,AZ,175000.0
07024,NJ,195000.0
77546,TX,120000.0
17701,PA,89300.0
28412,NC,152450.0
92507,CA,249000.0
80526,CO,259000.0
87507,NM,244900.0
91367,CA,448000.0
64118,MO,115000.0
14150,NY,100000.0
32164,FL,159900.0
76010,TX,144900.0
06492,CT,140250.0
29526,SC,123900.0
08053,NJ,139500.0
23608,VA,145000.0
55104,MN,179900.0
33617,FL,105000.0
18103,PA,124900.0
98391,WA,329000.0
91977,CA,443000.0
28403,NC,129900.0
92346,CA,265000.0
85016,AZ,169450.0
80229,CO,295000.0
95207,CA,237500.0
48219,MI,40000.0
78233,TX,133500.0
93436,CA,349000.0
77072,TX,125000.0
16001,PA,69250.0
53215,WI,106219.0
48183,MI,74900.0
91406,CA,400000.0
92260,CA,249900.0
60804,IL,135000.0
44691,OH,65000.0
91766,CA,399493.5
30093,GA,135000.0
48235,MI,46333.5
24502,VA,94900.0
78665,TX,234990.0
91706,CA,429999.5
92801,CA,438000.0
32725,FL,132250.0
46226,IN,68000.0
33442,FL,87000.0
33142,FL,140000.0
91744,CA,465000.0
92404,CA,259999.0
80537,CO,308000.0
43224,OH,94250.0
95828,CA,279000.0
33415,FL,119900.0
98270,WA,349000.0
33180,FL,176500.0
19403,PA,138000.0
87123,NM,139900.0
92780,CA,420000.0
60435,IL,137500.0
11706,NY,265000.0
85711,AZ,145000.0
98226,WA,268000.0
01970,MA,299900.0
21229,MD,96450.0
87110,NM,134900.0
54703,WI,104950.0
60632,IL,134900.0
08401,NJ,79999.0
52404,IA,89750.0
84043,UT,237000.0
52001,IA,102000.0
47201,IN,84250.0
26554,WV,43950.0
75227,TX,138250.0
65803,MO,67438.0
44870,OH,56900.0
77015,TX,130000.0
92407,CA,264900.0
98501,WA,237290.0
91405,CA,425000.0
87108,NM,129450.0
77396,TX,149900.0
54935,WI,85000.0
29412,SC,151750.0
85018,AZ,165000.0
46350,IN,88500.0
95610,CA,299900.0
90813,CA,385000.0
08854,NJ,265000.0
30605,GA,122500.0
96822,HI,343000.0
37920,TN,100000.0
02860,RI,189000.0
08757,NJ,185289.0
39402,MS,76000.0
92324,CA,242499.5
21221,MD,139900.0
32514,FL,89993.0
77511,TX,139000.0
02895,RI,194700.0
23803,VA,77038.0
52402,IA,95000.0
94577,CA,628500.0
49423,MI,130000.0
02703,MA,192500.0
61554,IL,59900.0
97006,OR,275000.0
43204,OH,78000.0
60506,IL,144900.0
95206,CA,228937.5
42240,KY,76000.0
07712,NJ,279000.0
63033,MO,83500.0
40216,KY,94995.0
98204,WA,289900.0
29576,SC,134900.0
08081,NJ,119950.0
92078,CA,435000.0
40517,KY,119900.0
44111,OH,74900.0
85029,AZ,185000.0
95678,CA,287000.0
07104,NJ,199000.0
99205,WA,159900.0
92026,CA,425850.0
98023,WA,329975.0
01453,MA,164900.0
78201,TX,115200.0
60115,IL,125000.0
80233,CO,319900.0
98387,WA,295950.0
38115,TN,68000.0
23602,VA,148200.0
79907,TX,85000.0
83686,ID,185000.0
98258,WA,360000.0
62040,IL,62500.0
11432,NY,149999.0
95621,CA,283500.0
37620,TN,84000.0
97007,OR,277250.0
45231,OH,97900.0
92129,CA,370000.0
60014,IL,139950.0
76112,TX,144500.0
85041,AZ,188950.0
33068,FL,159989.0
14609,NY,82700.0
33179,FL,129900.0
56560,MN,164425.0
85206,AZ,182496.5
92114,CA,429900.0
91702,CA,458000.0
18702,PA,49999.0
32835,FL,135000.0
07052,NJ,289000.0
08724,NJ,239200.0
93906,CA,405000.0
08816,NJ,229894.0
33126,FL,176500.0
33919,FL,149900.0
30034,GA,125000.0
90047,CA,450000.0
90003,CA,389950.0
28562,NC,70000.0
23234,VA,136875.0
80011,CO,289450.0
28306,NC,50750.0
34112,FL,189000.0
44118,OH,79500.0
32808,FL,149000.0
60440,IL,144900.0
91343,CA,395000.0
32224,FL,125000.0
47905,IN,79350.0
20772,MD,249250.0
90247,CA,465000.0
91942,CA,380000.0
85706,AZ,141000.0
93446,CA,413250.0
37115,TN,148450.0
80220,CO,274900.0
29621,SC,110000.0
44203,OH,69900.0
33161,FL,115000.0
59101,MT,156900.0
85209,AZ,179900.0
80631,CO,239500.0
29407,SC,129000.0
21502,MD,39999.0
90043,CA,459450.0
98277,WA,285000.0
97123,OR,319900.0
44094,OH,82650.0
01752,MA,299000.0
32780,FL,124900.0
07304,NJ,243644.0
34203,FL,144950.0
32257,FL,119900.0
77088,TX,125000.0
95822,CA,268444.0
96818,HI,377500.0
15068,PA,49000.0
33904,FL,159900.0
37604,TN,84500.0
85713,AZ,125000.0
32159,FL,155995.0
11772,NY,270000.0
78229,TX,105000.0
80231,CO,218500.0
18102,PA,79900.0
93551,CA,385000.0
94590,CA,332500.0
97756,OR,259796.0
33435,FL,129700.0
44109,OH,65000.0
55125,MN,189450.0
38109,TN,44900.0
44120,OH,49900.0
92211,CA,259000.0
37601,TN,74900.0
98042,WA,330000.0
80501,CO,349900.0
13021,NY,65000.0
34667,FL,113900.0
75104,TX,175000.0
85020,AZ,174900.0
42303,KY,75450.0
23669,VA,130000.0
60089,IL,132400.0
92111,CA,389000.0
06082,CT,158900.0
59718,MT,275000.0
77099,TX,105000.0
38128,TN,59000.0
99362,WA,164900.0
44224,OH,69900.0
76108,TX,159250.0
83854,ID,239500.0
92027,CA,419750.0
34746,FL,139900.0
78109,TX,137000.0
13440,NY,69950.0
46514,IN,87900.0
93033,CA,439000.0
06606,CT,172000.0
54915,WI,127250.0
92028,CA,442010.0
98801,WA,197750.0
77090,TX,139500.0
98902,WA,129900.0
83704,ID,199900.0
21921,MD,129900.0
28213,NC,132000.0
92116,CA,367500.0
21220,MD,144950.0
48060,MI,67000.0
48911,MI,76950.0
91950,CA,400000.0
60123,IL,144900.0
92392,CA,259900.0
06484,CT,215000.0
34209,FL,146900.0
44134,OH,89500.0
30350,GA,145000.0
49442,MI,50000.0
33446,FL,94749.5
45211,OH,84900.0
89014,NV,169888.0
34609,FL,139900.0
32073,FL,135000.0
28311,NC,61000.0
92545,CA,253900.0
53207,WI,149900.0
97701,OR,309000.0
49504,MI,124900.0
85208,AZ,194900.0
92530,CA,256974.5
33844,FL,96000.0
60505,IL,134900.0
21702,MD,239900.0
15235,PA,72999.5
46383,IN,135000.0
97030,OR,293450.0
40356,KY,116000.0
32907,FL,154900.0
94605,CA,525000.0
08817,NJ,249000.0
84119,UT,239900.0
94928,CA,399900.0
60462,IL,149450.0
85202,AZ,150000.0
24401,VA,114950.0
78227,TX,110902.0
92009,CA,419000.0
84790,UT,219450.0
85712,AZ,115000.0
23228,VA,145000.0
30328,GA,140000.0
53214,WI,129900.0
60645,IL,125949.5
55117,MN,164950.0
91745,CA,464000.0
34231,FL,158950.0
77539,TX,133500.0
85021,AZ,174550.0
01902,MA,279974.0
14701,NY,37020.0
72076,AR,74900.0
60067,IL,130500.0
19808,DE,104950.0
20747,MD,230000.0
21804,MD,109900.0
46410,IN,127200.0
21236,MD,168950.0
33461,FL,72500.0
92688,CA,424900.0
94601,CA,549000.0
90660,CA,459000.0
35401,AL,70200.0
95037,CA,820700.0
33196,FL,165000.0
02740,MA,189900.0
11561,NY,275000.0
18042,PA,107000.0
08234,NJ,91650.0
06790,CT,129900.0
21701,MD,263750.0
61820,IL,68900.0
60193,IL,149900.0
07726,NJ,239000.0
30039,GA,150000.0
33928,FL,176450.0
19701,DE,76400.0
30120,GA,134900.0
84770,UT,198000.0
32955,FL,139000.0
98092,WA,336997.5
33445,FL,131000.0
27520,NC,170000.0
33917,FL,136000.0
12603,NY,225000.0
60651,IL,105300.0
32404,FL,124950.0
33417,FL,70000.0
62702,IL,62500.0
33410,FL,183990.0
53221,WI,129900.0
19805,DE,99000.0
91765,CA,370000.0
33484,FL,119400.0
30228,GA,135000.0
64055,MO,104900.0
27127,NC,69400.0
61701,IL,75000.0
84074,UT,240000.0
85716,AZ,145000.0
30680,GA,149900.0
32714,FL,115000.0
92544,CA,254999.0
85296,AZ,197950.0
82001,WY,180000.0
70433,LA,117900.0
94521,CA,599950.0
19401,PA,99900.0
27320,NC,54900.0
11435,NY,212500.0
98058,WA,329900.0
55379,MN,195000.0
60477,IL,134900.0
78744,TX,222749.5
44122,OH,59900.0
01420,MA,185400.0
30126,GA,119900.0
29203,SC,43400.0
70560,LA,62600.0
28304,NC,65000.0
34145,FL,205000.0
07036,NJ,259900.0
87031,NM,130000.0
33610,FL,135000.0
45385,OH,69950.0
85027,AZ,159900.0
34119,FL,224900.0
48910,MI,69900.0
46368,IN,136500.0
11550,NY,275000.0
76522,TX,74900.0
97477,OR,211000.0
97217,OR,287450.0
19132,PA,45000.0
85015,AZ,153000.0
06360,CT,129950.0
28411,NC,174000.0
32304,FL,80700.0
93304,CA,149949.5
80909,CO,215000.0
48146,MI,76449.0
98223,WA,324900.0
08861,NJ,245000.0
60120,IL,144950.0
95826,CA,295000.0
60707,IL,120000.0
50266,IA,127500.0
80022,CO,289900.0
85051,AZ,177900.0
85745,AZ,127000.0
90804,CA,389894.0
17042,PA,98000.0
32738,FL,144900.0
32818,FL,160000.0
29577,SC,107500.0
90745,CA,475000.0
38116,TN,65500.0
85730,AZ,150000.0
55119,MN,184900.0
30134,GA,125900.0
36301,AL,49900.0
95667,CA,299000.0
99504,AK,194500.0
95127,CA,775000.0
32207,FL,97500.0
20748,MD,239700.0
77044,TX,125000.0
28451,NC,138750.0
32811,FL,130000.0
95821,CA,282499.5
83501,ID,159000.0
95240,CA,223250.0
98503,WA,248000.0
14624,NY,92000.0
32707,FL,144900.0
33040,FL,397000.0
46385,IN,129950.0
95111,CA,761500.0
43213,OH,84250.0
86314,AZ,229950.0
38127,TN,40000.0
07753,NJ,259900.0
12601,NY,199000.0
32724,FL,142900.0
72450,AR,51500.0
95023,CA,572600.0
30165,GA,69900.0
27105,NC,49900.0
78217,TX,104500.0
70458,LA,115000.0
60090,IL,139950.0
08094,NJ,120000.0
33428,FL,145000.0
33881,FL,89999.0
19082,PA,99250.0
80227,CO,250000.0
74136,OK,45499.5
64133,MO,95000.0
33016,FL,160000.0
50315,IA,112000.0
46219,IN,84950.0
89128,NV,155000.0
12401,NY,150000.0
89015,NV,184950.0
85033,AZ,180000.0
63701,MO,89900.0
08902,NJ,249900.0
93455,CA,399500.0
30084,GA,115000.0
46203,IN,68900.0
94608,CA,595888.0
08360,NJ,70000.0
61201,IL,69000.0
93534,CA,249900.0
08012,NJ,129900.0
92025,CA,415000.0
97224,OR,259900.0
87505,NM,213631.5
63114,MO,75000.0
97222,OR,289900.0
85120,AZ,183000.0
33401,FL,150000.0
33172,FL,175000.0
30305,GA,139900.0
77338,TX,141900.0
21060,MD,162900.0
33032,FL,175000.0
28208,NC,117000.0
80205,CO,289900.0
92395,CA,240000.0
97080,OR,299995.0
31405,GA,80000.0
64804,MO,56500.0
34232,FL,155538.5
97230,OR,298000.0
14612,NY,89900.0
30213,GA,155000.0
33880,FL,95000.0
85210,AZ,139000.0
02920,RI,202500.0
96826,HI,360000.0
32547,FL,145450.0
96753,HI,405000.0
17403,PA,79900.0
37207,TN,175000.0
85302,AZ,175000.0
48227,MI,34999.5
20785,MD,225900.0
34983,FL,162500.0
35630,AL,55950.0
32506,FL,80000.0
33193,FL,168450.0
29461,SC,156000.0
08857,NJ,289000.0
20743,MD,225000.0
53219,WI,139000.0
70117,LA,84900.0
94804,CA,485000.0
14225,NY,109700.0
27704,NC,144900.0
23231,VA,129000.0
60302,IL,130000.0
64801,MO,54500.0
33604,FL,119000.0
60409,IL,88900.0
92084,CA,398300.0
06040,CT,144900.0
90723,CA,385000.0
34653,FL,119900.0
70058,LA,112152.0
87144,NM,139950.0
28607,NC,159000.0
89101,NV,189900.0
94551,CA,684000.0
21208,MD,157000.0
34110,FL,202500.0
90262,CA,424900.0
91913,CA,412900.0
92019,CA,398166.5
19966,DE,107833.5
33952,FL,127500.0
91732,CA,449950.0
44146,OH,75000.0
84047,UT,254900.0
28625,NC,127000.0
60031,IL,143250.0
08844,NJ,265000.0
84096,UT,267000.0
80203,CO,264900.0
85614,AZ,129500.0
85035,AZ,184800.0
21014,MD,161900.0
50317,IA,100000.0
73110,OK,80000.0
90740,CA,248000.0
33147,FL,165000.0
51503,IA,95000.0
80247,CO,219900.0
19958,DE,62500.0
30294,GA,127862.5
37643,TN,74999.0
92308,CA,225000.0
94578,CA,599475.0
97128,OR,295000.0
14215,NY,64900.0
20814,MD,199000.0
48221,MI,59900.0
17404,PA,100000.0
60074,IL,134900.0
86004,AZ,249900.0
89104,NV,191000.0
38118,TN,65000.0
63901,MO,60000.0
92307,CA,250000.0
40272,KY,107000.0
28214,NC,136950.0
48239,MI,74950.0
53218,WI,84900.0
89030,NV,179999.0
06450,CT,129900.0
93726,CA,169000.0
33573,FL,120000.0
11367,NY,259000.0
98502,WA,229950.0
98087,WA,342000.0
10950,NY,234450.0
98374,WA,325000.0
92262,CA,183000.0
83201,ID,119500.0
27217,NC,69900.0
20016,DC,284000.0
92840,CA,435000.0
94523,CA,635900.0
93030,CA,437450.0
32209,FL,45344.5
06106,CT,134900.0
03103,NH,212400.0
98056,WA,300000.0
83815,ID,239900.0
34205,FL,150000.0
89431,NV,250000.0
91767,CA,430900.0
33707,FL,143750.0
68104,NE,108500.0
17013,PA,110000.0
60030,IL,140000.0
08901,NJ,219900.0
98366,WA,256750.0
83401,ID,138500.0
20707,MD,249900.0
58701,ND,140000.0
89032,NV,209999.5
02909,RI,174900.0
21244,MD,159999.0
44095,OH,84900.0
08096,NJ,124900.0
78218,TX,114652.0
95991,CA,197000.0
58102,ND,144900.0
96701,HI,379000.0
98198,WA,310000.0
85042,AZ,170500.0
80221,CO,310000.0
72120,AR,80900.0
89506,NV,265000.0
18018,PA,129950.0
33710,FL,135000.0
95833,CA,299000.0
95843,CA,314900.0
77356,TX,99900.0
89139,NV,164950.0
08302,NJ,60800.0
30344,GA,129450.0
28405,NC,155400.0
40391,KY,104900.0
28348,NC,57700.0
33309,FL,149900.0
44121,OH,79900.0
77054,TX,110000.0
80128,CO,269000.0
78418,TX,88399.0
85379,AZ,195000.0
47714,IN,67700.0
91387,CA,399895.0
80916,CO,210000.0
30180,GA,139900.0
36526,AL,144900.0
96707,HI,400000.0
10583,NY,220000.0
12590,NY,231500.0
66048,KS,92500.0
15401,PA,59900.0
32084,FL,130750.0
01852,MA,255000.0
45503,OH,52000.0
34109,FL,219000.0
06066,CT,149900.0
85138,AZ,193000.0
22980,VA,115000.0
92058,CA,364450.0
17402,PA,129900.0
99507,AK,192000.0
03820,NH,272400.0
98032,WA,286500.0
84120,UT,259900.0
92102,CA,399900.0
44105,OH,35000.0
50265,IA,126000.0
84401,UT,176500.0
60504,IL,155000.0
33756,FL,97000.0
28303,NC,50000.0
85257,AZ,157000.0
23323,VA,160000.0
85037,AZ,184000.0
34285,FL,159250.0
88001,NM,110000.0
80112,CO,279900.0
08332,NJ,54900.0
08807,NJ,269990.0
02864,RI,219000.0
03102,NH,175000.0
20109,VA,245000.0
90744,CA,449900.0
97478,OR,209500.0
51501,IA,89900.0
30087,GA,139900.0
59801,MT,235000.0
80031,CO,282450.0
34243,FL,174950.0
53186,WI,139900.0
44221,OH,91450.0
32503,FL,89800.0
03104,NH,184900.0
72143,AR,69900.0
63125,MO,84500.0
11757,NY,299000.0
78610,TX,224437.5
33060,FL,129900.0
13126,NY,67900.0
19904,DE,134850.0
16601,PA,59900.0
44266,OH,79900.0
17111,PA,115000.0
62234,IL,75000.0
07060,NJ,239900.0
28677,NC,98900.0
92543,CA,224900.0
30238,GA,120000.0
11520,NY,249900.0
91306,CA,420000.0
33462,FL,157500.0
59601,MT,146390.0
85746,AZ,150000.0
44004,OH,45500.0
30046,GA,151600.0
06513,CT,116000.0
23503,VA,149000.0
58801,ND,123870.0
44312,OH,77450.0
85023,AZ,174900.0
98312,WA,225000.0
44601,OH,49900.0
97233,OR,289900.0
53719,WI,157900.0
21703,MD,249312.5
24112,VA,35450.0
98031,WA,324900.0
08080,NJ,129805.5
30014,GA,125000.0
32205,FL,120000.0
43613,OH,59900.0
16101,PA,39900.0
80010,CO,289950.0
02893,RI,189850.0
62269,IL,70000.0
07666,NJ,298500.0
01604,MA,189500.0
48642,MI,81750.0
23321,VA,148450.0
98203,WA,329000.0
07202,NJ,225000.0
19901,DE,130500.0
62301,IL,54900.0
40218,KY,82500.0
33905,FL,145000.0
61401,IL,35900.0
77520,TX,106000.0
72204,AR,65000.0
54880,WI,75000.0
92410,CA,238000.0
33404,FL,149950.0
98683,WA,312000.0
56601,MN,72500.0
28052,NC,105000.0
34113,FL,199900.0
37830,TN,92900.0
96001,CA,172000.0
18951,PA,142250.0
19606,PA,95951.0
95380,CA,234500.0
91311,CA,429000.0
94531,CA,499000.0
92240,CA,219999.0
92703,CA,485000.0
06405,CT,135000.0
30117,GA,130000.0
08723,NJ,239900.0
55433,MN,189900.0
13502,NY,69900.0
33713,FL,135900.0
85339,AZ,197000.0
62002,IL,52900.0
80017,CO,274485.0
85258,AZ,185000.0
34104,FL,183000.0
50310,IA,123900.0
98002,WA,299950.0
34957,FL,145000.0
92707,CA,385000.0
34120,FL,221250.0
72653,AR,79900.0
98229,WA,260000.0
77571,TX,134900.0
33162,FL,109950.0
95835,CA,289975.0
89113,NV,169000.0
33169,FL,108000.0
60107,IL,149900.0
32065,FL,139000.0
30161,GA,52000.0
98604,WA,304900.0
48021,MI,75788.0
34684,FL,114000.0
37814,TN,82900.0
32541,FL,152000.0
02904,RI,189900.0
94561,CA,490000.0
34287,FL,159900.0
07731,NJ,255000.0
03038,NH,255400.0
11357,NY,269888.0
77073,TX,148900.0
20746,MD,220000.0
33709,FL,106450.0
33071,FL,154950.0
92264,CA,219437.5
93555,CA,149900.0
20735,MD,265000.0
33619,FL,136950.0
32958,FL,149900.0
92571,CA,279750.0
67203,KS,75000.0
93012,CA,419100.0
07740,NJ,257400.0
02908,RI,194450.0
33334,FL,139900.0
02816,RI,199900.0
49505,MI,129900.0
33143,FL,175000.0
48640,MI,79900.0
50401,IA,52926.0
54914,WI,114900.0
30315,GA,95500.0
93036,CA,437000.0
54401,WI,77480.0
33903,FL,134950.0
32301,FL,89900.0
56401,MN,119450.0
33990,FL,174900.0
80601,CO,282500.0
29456,SC,163000.0
19013,PA,50000.0
50701,IA,73000.0
89183,NV,173900.0
93458,CA,385200.0
60659,IL,132900.0
32211,FL,128900.0
78628,TX,234462.5
60060,IL,151500.0
60005,IL,132000.0
97236,OR,280000.0
60446,IL,150000.0
22701,VA,266990.0
50322,IA,107500.0
98201,WA,301000.0
33803,FL,97450.0
48507,MI,30000.0
85143,AZ,200450.0
44805,OH,65000.0
60517,IL,125000.0
33460,FL,160000.0
34608,FL,137750.0
61107,IL,74200.0
14304,NY,84408.0
36535,AL,149900.0
33432,FL,155000.0
32168,FL,139900.0
47711,IN,55000.0
77034,TX,135000.0
85323,AZ,191750.0
15227,PA,74900.0
29455,SC,145000.0
02886,RI,199900.0
61614,IL,57900.0
77566,TX,132000.0
19141,PA,100000.0
84067,UT,227000.0
96740,HI,232000.0
14626,NY,97000.0
90806,CA,462240.0
02720,MA,174450.0
06340,CT,145700.0
06614,CT,206500.0
90063,CA,425000.0
60101,IL,115000.0
98444,WA,260000.0
85014,AZ,162000.0
21227,MD,147949.5
06489,CT,133000.0
22630,VA,229900.0
01020,MA,153950.0
92065,CA,455000.0
65401,MO,88250.0
07109,NJ,268450.0
90001,CA,361500.0
79915,TX,88000.0
84403,UT,180000.0
92113,CA,398900.0
87107,NM,130000.0
92203,CA,277750.0
19136,PA,137450.0
42003,KY,39900.0
12203,NY,159000.0
58501,ND,172450.0
33351,FL,142500.0
90220,CA,400200.0
11779,NY,279499.5
43420,OH,69900.0
85268,AZ,180900.0
44128,OH,49500.0
21239,MD,149900.0
34652,FL,99900.0
46201,IN,59900.0
61821,IL,75450.0
31204,GA,29500.0
06770,CT,119900.0
95820,CA,245000.0
60532,IL,121750.0
19026,PA,129000.0
32208,FL,85000.0
53216,WI,89900.0
95407,CA,475000.0
85392,AZ,200000.0
96813,HI,298300.0
98499,WA,262000.0
33317,FL,128000.0
21212,MD,99000.0
95351,CA,220000.0
98168,WA,345000.0
23518,VA,150000.0
30274,GA,105000.0
98662,WA,299000.0
60046,IL,137400.0
62703,IL,59700.0
76543,TX,89450.0
52601,IA,55000.0
97355,OR,184900.0
29486,SC,149950.0
55432,MN,194947.5
32909,FL,149900.0
34689,FL,122450.0
60652,IL,141550.0
24012,VA,102900.0
75051,TX,149750.0
32570,FL,79900.0
34986,FL,149900.0
96002,CA,189900.0
85140,AZ,199500.0
90242,CA,450000.0
80917,CO,185000.0
85203,AZ,174900.0
77550,TX,123900.0
29406,SC,138450.0
32405,FL,117000.0
98030,WA,319950.0
11364,NY,285000.0
06111,CT,149700.0
92270,CA,246200.0
95945,CA,319000.0
70068,LA,119750.0
65536,MO,68450.0
76903,TX,83950.0
32277,FL,130000.0
64119,MO,111000.0
98513,WA,240000.0
33055,FL,180000.0
62226,IL,65450.0
08016,NJ,105900.0
32607,FL,91000.0
89107,NV,178750.0
58601,ND,164000.0
33069,FL,155000.0
08742,NJ,289000.0
91355,CA,412500.0
46342,IN,122750.0
52501,IA,48000.0
45005,OH,90000.0
33441,FL,133900.0
53142,WI,139900.0
16602,PA,60000.0
60169,IL,134900.0
91350,CA,480000.0
72209,AR,69900.0
85009,AZ,155000.0
19713,DE,119900.0
97420,OR,132250.0
29582,SC,130000.0
19151,PA,115000.0
46235,IN,89500.0
28560,NC,75000.0
20706,MD,271000.0
23453,VA,137500.0
34758,FL,170000.0
14621,NY,39999.0
44313,OH,79900.0
11704,NY,275000.0
95969,CA,198000.0
84081,UT,269500.0
60098,IL,138000.0
44129,OH,89900.0
20886,MD,239949.5
46151,IN,95000.0
61604,IL,59900.0
34606,FL,133900.0
55422,MN,199900.0
93705,CA,170000.0
92108,CA,349500.0
21237,MD,160000.0
70094,LA,117500.0
12309,NY,149949.5
83705,ID,189000.0
70501,LA,68000.0
07840,NJ,152200.0
49548,MI,129900.0
32720,FL,129450.0
07032,NJ,273700.0
31404,GA,96950.0
78221,TX,108307.0
60441,IL,139900.0
33326,FL,190000.0
92220,CA,250000.0
74063,OK,73900.0
46218,IN,45000.0
50158,IA,39900.0
54304,WI,119900.0
26101,WV,51250.0
29625,SC,107250.0
91316,CA,358000.0
81001,CO,86000.0
66044,KS,139925.0
80910,CO,218750.0
80602,CO,304900.0
19135,PA,130499.5
30741,GA,69900.0
34114,FL,166000.0
27332,NC,24900.0
02919,RI,190000.0
08865,NJ,110000.0
83605,ID,175499.0
45420,OH,70000.0
80237,CO,235000.0
92637,CA,310000.0
80218,CO,273000.0
99207,WA,139900.0
43612,OH,52900.0
06512,CT,139900.0
08043,NJ,125900.0
49507,MI,114900.0
53223,WI,113500.0
34743,FL,161450.0
48091,MI,59900.0
97266,OR,284900.0
23513,VA,129950.0
67217,KS,73900.0
93422,CA,424750.0
96814,HI,274950.0
97203,OR,299900.0
07107,NJ,198862.0
14616,NY,89900.0
34223,FL,147400.0
20745,MD,222500.0
44052,OH,68000.0
93702,CA,149900.0
33907,FL,126400.0
77489,TX,143900.0
19050,PA,115900.0
54303,WI,104900.0
41011,KY,71043.5
60050,IL,134950.0
21225,MD,85000.0
33409,FL,127500.0
21009,MD,185000.0
17046,PA,79900.0
33183,FL,178000.0
07011,NJ,283450.0
33407,FL,168000.0
02368,MA,304900.0
43050,OH,73500.0
93638,CA,160000.0
37172,TN,165000.0
33434,FL,83000.0
12303,NY,118450.0
92110,CA,399000.0
11717,NY,289000.0
07747,NJ,248700.0
03079,NH,289900.0
48089,MI,52500.0
60527,IL,115500.0
55421,MN,199000.0
81504,CO,174825.0
90604,CA,499999.0
60656,IL,135000.0
92701,CA,350000.0
63139,MO,89450.0
60515,IL,119000.0
45365,OH,60750.0
37086,TN,172900.0
80104,CO,302500.0
90002,CA,387000.0
33173,FL,183500.0
10704,NY,145900.0
44125,OH,69450.0
46516,IN,59949.5
32905,FL,126950.0
95340,CA,186250.0
84129,UT,269900.0
89081,NV,172000.0
53140,WI,134900.0
45239,OH,85000.0
32117,FL,109995.0
34238,FL,164900.0
80239,CO,300000.0
01826,MA,285000.0
54481,WI,109900.0
17022,PA,141249.5
32962,FL,129900.0
33026,FL,138700.0
08822,NJ,259000.0
98512,WA,191499.0
31705,GA,39000.0
60438,IL,114462.0
32408,FL,142950.0
55128,MN,172450.0
12205,NY,150000.0
43512,OH,64950.0
89503,NV,270000.0
19601,PA,59950.0
37921,TN,76950.0
53220,WI,145000.0
93454,CA,354000.0
98466,WA,315000.0
28146,NC,116500.0
06708,CT,124900.0
18015,PA,104900.0
32901,FL,139950.0
58554,ND,159950.0
33870,FL,74900.0
77502,TX,144900.0
98498,WA,274000.0
61108,IL,69000.0
23601,VA,145000.0
95204,CA,249000.0
02889,RI,199900.0
60110,IL,154900.0
46176,IN,74900.0
92120,CA,349500.0
46241,IN,64200.0
95210,CA,258000.0
15650,PA,79900.0
76117,TX,159900.0
91356,CA,387450.0
91352,CA,452500.0
97070,OR,284995.0
54494,WI,69900.0
37917,TN,94900.0
29115,SC,29500.0
06095,CT,139900.0
44135,OH,74500.0
80301,CO,345000.0
12302,NY,144900.0
77590,TX,119250.0
07065,NJ,250000.0
33913,FL,168000.0
07050,NJ,199000.0
27545,NC,157475.0
84660,UT,250000.0
98273,WA,256000.0
65616,MO,78250.0
07110,NJ,264950.0
32773,FL,145000.0
70126,LA,99000.0
36542,AL,148000.0
29926,SC,119250.0
34472,FL,85000.0
50021,IA,106950.0
96793,HI,381500.0
53406,WI,117000.0
70802,LA,50000.0
74066,OK,64900.0
80241,CO,306000.0
24501,VA,79000.0
32550,FL,159000.0
95842,CA,259000.0
14606,NY,74950.0
95834,CA,299000.0
20111,VA,269900.0
08087,NJ,185000.0
07208,NJ,252367.5
80911,CO,229900.0
22309,VA,184950.0
30094,GA,135000.0
97502,OR,188749.5
90221,CA,398950.0
92311,CA,139900.0
41018,KY,99300.0
98362,WA,192000.0
61801,IL,68450.0
78626,TX,230000.0
95838,CA,243495.0
92083,CA,419950.0
97220,OR,299900.0
02302,MA,279900.0
83687,ID,189994.5
58504,ND,162400.0
60139,IL,124400.0
47933,IN,72900.0
13905,NY,71250.0
45042,OH,78850.0
97132,OR,289450.0
65101,MO,65000.0
20770,MD,145000.0
01845,MA,259900.0
85017,AZ,172800.0
89011,NV,175000.0
95660,CA,251450.0
30013,GA,133900.0
34481,FL,95400.0
07103,NJ,200000.0
33426,FL,175000.0
76014,TX,161950.0
83651,ID,180000.0
86409,AZ,132500.0
21842,MD,143650.0
78602,TX,219900.0
32505,FL,65000.0
02536,MA,311950.0
98684,WA,294000.0
78634,TX,219995.0
76020,TX,136107.0
85053,AZ,190000.0
08075,NJ,118950.0
06811,CT,174900.0
32118,FL,99900.0
77506,TX,127000.0
08330,NJ,90000.0
20191,VA,235000.0
02072,MA,282400.0
21213,MD,55000.0
08046,NJ,130000.0
86326,AZ,217000.0
29566,SC,110000.0
06109,CT,150000.0
92586,CA,239794.0
08226,NJ,189450.0
21801,MD,129000.0
73107,OK,79900.0
98445,WA,286450.0
33772,FL,70900.0
37055,TN,169900.0
40505,KY,117500.0
95205,CA,206500.0
06320,CT,140000.0
34202,FL,167000.0
81004,CO,89000.0
32119,FL,131672.0
02861,RI,214900.0
12306,NY,124900.0
17325,PA,136000.0
77021,TX,96822.0
60133,IL,138325.0
98001,WA,350000.0
98404,WA,263950.0
84118,UT,249900.0
11727,NY,250000.0
60099,IL,119900.0
08050,NJ,242000.0
91722,CA,485000.0
77049,TX,137250.0
31093,GA,52000.0
30008,GA,102000.0
78239,TX,122395.0
52732,IA,49950.0
21601,MD,169414.0
06705,CT,109950.0
53227,WI,139900.0
61109,IL,55000.0
46229,IN,107000.0
29909,SC,209000.0
54911,WI,117000.0
22405,VA,257445.0
28401,NC,129700.0
93305,CA,144950.0
33712,FL,88800.0
85353,AZ,200327.5
94597,CA,540000.0
33304,FL,179900.0
91321,CA,349450.0
33912,FL,157500.0
33487,FL,169950.0
98665,WA,299900.0
08205,NJ,95950.0
93035,CA,445000.0
06118,CT,152238.5
06604,CT,172500.0
63121,MO,39900.0
33909,FL,170000.0
74017,OK,65600.0
98271,WA,325000.0
85340,AZ,179900.0
25701,WV,39999.5
63118,MO,55000.0
06776,CT,150000.0
23834,VA,137900.0
04901,ME,102500.0
33056,FL,165000.0
61615,IL,59900.0
38114,TN,29900.0
20603,MD,250000.0
53222,WI,129900.0
11901,NY,228546.5
23703,VA,145000.0
99654,AK,199900.0
52405,IA,93900.0
84115,UT,250000.0
32401,FL,86830.0
33852,FL,74950.0
22041,VA,224999.0
48161,MI,79900.0
45240,OH,102000.0
63028,MO,84950.0
33408,FL,159950.0
78244,TX,114949.5
64138,MO,110000.0
91354,CA,465000.0
34691,FL,113950.0
30012,GA,127900.0
66604,KS,52900.0
33496,FL,169900.0
48141,MI,42000.0
75241,TX,139990.0
86401,AZ,129900.0
76708,TX,67700.0
65775,MO,65000.0
32221,FL,134000.0
49707,MI,39000.0
73119,OK,74900.0
67601,KS,115000.0
33543,FL,132240.0
29928,SC,169900.0
37912,TN,104750.0
30224,GA,124900.0
76123,TX,175500.0
89142,NV,186900.0
97003,OR,299900.0
06514,CT,119900.0
70131,LA,100950.0
88005,NM,118000.0
37303,TN,57983.0
55429,MN,199900.0
53225,WI,117950.0
85335,AZ,194700.0
40258,KY,105500.0
85119,AZ,185000.0
07631,NJ,249500.0
07013,NJ,299000.0
90605,CA,484950.0
98405,WA,294475.0
07501,NJ,193450.0
45356,OH,62500.0
36109,AL,64900.0
19142,PA,66900.0
49509,MI,125000.0
08005,NJ,229900.0
22408,VA,257990.0
34747,FL,157750.0
34116,FL,169500.0
34982,FL,124900.0
92284,CA,214900.0
98685,WA,299900.0
84601,UT,239900.0
48906,MI,59900.0
98531,WA,154975.0
70114,LA,99000.0
60636,IL,47283.0
30296,GA,126900.0
20740,MD,275000.0
01851,MA,279900.0
28786,NC,125250.0
32539,FL,140000.0
19802,DE,87900.0
99801,AK,267950.0
95632,CA,305000.0
49048,MI,67450.0
98367,WA,252678.5
32927,FL,145000.0
94545,CA,628888.0
38122,TN,49900.0
12553,NY,234000.0
23222,VA,127000.0
92139,CA,419000.0
80817,CO,215000.0
53210,WI,80000.0
33763,FL,106950.0
07701,NJ,254900.0
29527,SC,139500.0
23701,VA,129500.0
77066,TX,147000.0
10710,NY,165000.0
60452,IL,136900.0
83607,ID,196995.0
33030,FL,154900.0
33563,FL,108445.0
07026,NJ,274900.0
31206,GA,29900.0
98409,WA,245000.0
06042,CT,150000.0
93552,CA,319900.0
17315,PA,127500.0
99645,AK,200000.0
06074,CT,147691.5
20602,MD,252450.0
48340,MI,60000.0
48506,MI,24500.0
46322,IN,139900.0
21001,MD,149950.0
93703,CA,169950.0
85629,AZ,159900.0
01830,MA,277000.0
64131,MO,71555.0
33314,FL,159000.0
98375,WA,309950.0
60827,IL,50000.0
94518,CA,598900.0
66102,KS,66750.0
32960,FL,133950.0
43223,OH,75900.0
32966,FL,109400.0
38106,TN,25000.0
94595,CA,484000.0
30088,GA,125000.0
08755,NJ,250000.0
98626,WA,167299.5
77530,TX,141000.0
90059,CA,382500.0
29418,SC,159375.0
75232,TX,142000.0
34769,FL,139900.0
03054,NH,172450.0
76140,TX,150000.0
60051,IL,137715.0
07106,NJ,200000.0
98338,WA,324900.0
92236,CA,240000.0
53144,WI,129900.0
34210,FL,150000.0
83402,ID,139900.0
87102,NM,127300.0
52403,IA,84950.0
32504,FL,98700.0
07748,NJ,261900.0
76801,TX,40950.0
46221,IN,69950.0
20784,MD,275000.0
34105,FL,199500.0
85132,AZ,176950.0
98372,WA,289000.0
01109,MA,121000.0
28390,NC,73200.0
76036,TX,169950.0
77016,TX,109450.0
29405,SC,108900.0
20721,MD,299900.0
95824,CA,239900.0
77067,TX,139900.0
94603,CA,480000.0
27288,NC,58600.0
60002,IL,129900.0
90810,CA,462450.0
33901,FL,109900.0
28144,NC,87838.5
32536,FL,144000.0
89145,NV,164900.0
34224,FL,140950.0
11414,NY,240000.0
28334,NC,70000.0
06704,CT,92000.0
97116,OR,314999.5
67218,KS,69900.0
19018,PA,124900.0
19973,DE,137400.0
67501,KS,46109.0
85756,AZ,149900.0
43227,OH,99900.0
70820,LA,91500.0
07860,NJ,209450.0
53916,WI,106750.0
30168,GA,136000.0
61103,IL,58450.0
99577,AK,228500.0
77551,TX,116950.0
28570,NC,125000.0
04210,ME,119000.0
12208,NY,153388.5
92583,CA,245000.0
29678,SC,88950.0
07719,NJ,299999.0
23607,VA,62500.0
15136,PA,45000.0
44310,OH,59900.0
44144,OH,84950.0
45248,OH,99900.0
74112,OK,82000.0
61938,IL,44450.0
55411,MN,158450.0
33066,FL,146838.5
07424,NJ,285000.0
98383,WA,200999.0
11722,NY,290000.0
12078,NY,61749.5
97071,OR,184000.0
64850,MO,69150.0
79930,TX,86000.0
30122,GA,139900.0
81501,CO,165000.0
77045,TX,132500.0
58703,ND,149900.0
60087,IL,129900.0
24017,VA,79500.0
33936,FL,133000.0
12047,NY,135900.0
85040,AZ,184922.0
13069,NY,59900.0
27262,NC,69900.0
98284,WA,269450.0
33054,FL,180000.0
10512,NY,248950.0
94619,CA,599000.0
20653,MD,184750.0
29575,SC,109000.0
94801,CA,425000.0
33805,FL,80000.0
98311,WA,276000.0
01108,MA,149950.0
60156,IL,149900.0
10708,NY,207000.0
34654,FL,89450.0
44137,OH,62500.0
98272,WA,340000.0
16510,PA,67950.0
98371,WA,324950.0
07724,NJ,239000.0
27577,NC,173000.0
32327,FL,106999.0
70127,LA,110000.0
92301,CA,230000.0
01854,MA,239900.0
08060,NJ,103623.0
54301,WI,109900.0
27260,NC,43000.0
08204,NJ,189000.0
98597,WA,239000.0
17408,PA,132400.0
33782,FL,127000.0
27597,NC,155000.0
32821,FL,148250.0
01013,MA,154900.0
76114,TX,149900.0
19607,PA,110000.0
19150,PA,139900.0
30248,GA,144450.0
45237,OH,75500.0
17406,PA,129900.0
30260,GA,109950.0
72118,AR,75000.0
93060,CA,409900.0
08088,NJ,123085.0
70363,LA,75862.5
17057,PA,109900.0
72301,AR,57450.0
32413,FL,133000.0
68107,NE,99750.0
27549,NC,149900.0
78242,TX,109900.0
86403,AZ,114950.0
05701,VT,89900.0
25705,WV,37750.0
67216,KS,65236.0
21223,MD,34900.0
98406,WA,319950.0
60466,IL,78500.0
06002,CT,139900.0
34212,FL,172995.0
20601,MD,265000.0
39501,MS,65000.0
34103,FL,229000.0
91740,CA,490000.0
41071,KY,79700.0
71909,AR,75000.0
92394,CA,249999.5
30291,GA,110000.0
98055,WA,259000.0
06451,CT,128503.0
17044,PA,55900.0
64052,MO,85000.0
97470,OR,127450.0
37148,TN,174900.0
85396,AZ,200990.0
84780,UT,194750.0
98664,WA,294900.0
98178,WA,335000.0
23324,VA,135000.0
64130,MO,45000.0
60538,IL,156450.0
10471,NY,205000.0
94621,CA,399000.0
98671,WA,290000.0
32763,FL,142250.0
97140,OR,267445.0
11763,NY,265000.0
85303,AZ,189900.0
33480,FL,175000.0
85306,AZ,175000.0
03867,NH,224950.0
37914,TN,79900.0
52803,IA,69800.0
60013,IL,149950.0
14020,NY,69900.0
72901,AR,62000.0
20190,VA,264900.0
03833,NH,315000.0
98292,WA,327000.0
82718,WY,189000.0
94580,CA,640000.0
89120,NV,148900.0
03053,NH,217500.0
44306,OH,45500.0
94803,CA,575000.0
98310,WA,270425.0
06108,CT,149900.0
64050,MO,89900.0
02346,MA,269900.0
60459,IL,147400.0
33444,FL,164900.0
95815,CA,226950.0
89156,NV,177894.0
27263,NC,69200.0
76541,TX,55000.0
73701,OK,49500.0
44305,OH,59900.0
02914,RI,219900.0
95341,CA,184200.0
60560,IL,147900.0
12533,NY,234450.0
18504,PA,58200.0
12144,NY,139900.0
84058,UT,241350.0
68111,NE,55000.0
85373,AZ,175000.0
17356,PA,111400.0
23805,VA,129750.0
33761,FL,108995.0
95354,CA,229499.5
15122,PA,72900.0
22556,VA,259450.0
34234,FL,135000.0
95841,CA,279000.0
53913,WI,114950.0
97058,OR,175900.0
08052,NJ,129900.0
19133,PA,52900.0
46805,IN,84500.0
74115,OK,52000.0
98022,WA,350000.0
22406,VA,249990.0
08037,NJ,102400.0
60178,IL,134900.0
33166,FL,170000.0
01832,MA,279900.0
06067,CT,130000.0
01104,MA,149000.0
21040,MD,142150.0
02905,RI,194900.0
28532,NC,92800.0
83404,ID,137450.0
43725,OH,49900.0
29360,SC,65000.0
14207,NY,75000.0
34788,FL,107326.5
85388,AZ,205000.0
20715,MD,276950.0
33406,FL,157900.0
49001,MI,69000.0
61920,IL,42700.0
28374,NC,122250.0
99502,AK,179900.0
70471,LA,112000.0
34470,FL,79900.0
92405,CA,249900.0
15120,PA,58931.5
67213,KS,60000.0
60406,IL,104900.0
08876,NJ,285000.0
08859,NJ,279900.0
91915,CA,440000.0
11701,NY,249949.5
61115,IL,64995.0
08105,NJ,72500.0
60426,IL,40000.0
20716,MD,264900.0
98520,WA,79900.0
76134,TX,164500.0
89106,NV,189500.0
15132,PA,39450.0
11720,NY,299450.0
77053,TX,119900.0
91945,CA,455000.0
08731,NJ,229900.0
30121,GA,129995.0
18505,PA,55000.0
61802,IL,73000.0
02910,RI,217450.0
64134,MO,85500.0
53147,WI,129900.0
11360,NY,260000.0
49783,MI,44900.0
70460,LA,105000.0
53143,WI,139900.0
79603,TX,70000.0
08109,NJ,125000.0
50702,IA,72000.0
44320,OH,42000.0
06488,CT,115000.0
64116,MO,89500.0
41015,KY,75000.0
85043,AZ,195500.0
01843,MA,269950.0
33897,FL,100000.0
10552,NY,110000.0
20879,MD,260000.0
08879,NJ,249900.0
66106,KS,85000.0
29906,SC,184900.0
10954,NY,275000.0
01440,MA,164900.0
60443,IL,126000.0
78621,TX,194949.5
43211,OH,45000.0
23237,VA,159925.0
60008,IL,119900.0
67114,KS,62500.0
10541,NY,279000.0
40215,KY,61900.0
07108,NJ,200000.0
13208,NY,53000.0
12304,NY,104700.0
29420,SC,164500.0
63111,MO,59900.0
48125,MI,77450.0
27591,NC,159000.0
02888,RI,199950.0
31548,GA,116500.0
90606,CA,494900.0
60450,IL,135000.0
44053,OH,71060.0
55412,MN,159000.0
50208,IA,69900.0
34233,FL,155000.0
84302,UT,210000.0
31558,GA,116500.0
95827,CA,309000.0
46324,IN,99900.0
19604,PA,63000.0
30116,GA,129900.0
67211,KS,59900.0
87501,NM,198000.0
08536,NJ,202500.0
77026,TX,85000.0
15425,PA,72400.0
84098,UT,344000.0
08104,NJ,44900.0
77503,TX,136900.0
23061,VA,128900.0
46013,IN,69450.0
34994,FL,125000.0
45251,OH,89900.0
84044,UT,239900.0
29706,SC,65000.0
32796,FL,124900.0
33004,FL,169700.0
43812,OH,49000.0
07866,NJ,289000.0
73115,OK,75000.0
82007,WY,159900.0
20876,MD,238900.0
46323,IN,91115.0
37766,TN,69500.0
89118,NV,161500.0
12477,NY,144450.0
87002,NM,99900.0
21078,MD,147900.0
84721,UT,169900.0
23704,VA,110000.0
34465,FL,89900.0
76148,TX,174000.0
23502,VA,151400.0
21231,MD,159911.0
50320,IA,109500.0
08721,NJ,234900.0
30035,GA,125000.0
13204,NY,49500.0
19963,DE,152400.0
33948,FL,148450.0
95949,CA,334000.0
92551,CA,270000.0
60430,IL,109900.0
96150,CA,299999.0
75146,TX,164900.0
03246,NH,158000.0
14206,NY,80000.0
53224,WI,109900.0
44123,OH,64900.0
11776,NY,269950.0
59714,MT,277950.0
67208,KS,68200.0
32141,FL,149800.0
33181,FL,158000.0
78214,TX,109399.0
60194,IL,154000.0
63138,MO,60000.0
78653,TX,218997.5
93041,CA,387497.5
18603,PA,74900.0
72904,AR,59250.0
77086,TX,137450.0
14760,NY,47000.0
63020,MO,76450.0
46012,IN,60950.0
84005,UT,249900.0
46808,IN,62900.0
14211,NY,49913.0
07080,NJ,286000.0
11967,NY,249994.5
99705,AK,142450.0
85031,AZ,179949.5
61364,IL,45000.0
98230,WA,266250.0
07008,NJ,266449.5
54452,WI,64950.0
75180,TX,150000.0
74107,OK,69900.0
07801,NJ,260000.0
53110,WI,134900.0
23504,VA,110850.0
60419,IL,87250.0
83634,ID,209900.0
02649,MA,299900.0
99501,AK,160000.0
32805,FL,102500.0
33037,FL,359900.0
61101,IL,32000.0
13206,NY,79900.0
55430,MN,189825.0
44314,OH,49900.0
08028,NJ,125000.0
13790,NY,69500.0
99515,AK,207000.0
19023,PA,69900.0
32305,FL,80000.0
08260,NJ,169900.0
28716,NC,149000.0
91768,CA,419000.0
15147,PA,66500.0
07095,NJ,244000.0
60473,IL,125000.0
33472,FL,172200.0
29204,SC,71500.0
33469,FL,139900.0
07203,NJ,235000.0
06062,CT,149900.0
91340,CA,470000.0
37411,TN,78500.0
85019,AZ,181000.0
60130,IL,109900.0
99202,WA,135000.0
10990,NY,249000.0
73018,OK,68400.0
33971,FL,168450.0
97055,OR,310000.0
02915,RI,212400.0
46319,IN,139900.0
07871,NJ,274950.0
30728,GA,70000.0
44830,OH,54900.0
44057,OH,71898.0
20646,MD,269900.0
38141,TN,76500.0
28557,NC,100000.0
03842,NH,279900.0
29410,SC,122450.0
36507,AL,119250.0
13903,NY,64900.0
11784,NY,275000.0
10303,NY,288000.0
21214,MD,146950.0
84045,UT,264900.0
98422,WA,325000.0
44647,OH,54900.0
63137,MO,43450.0
34286,FL,187950.0
32920,FL,129900.0
02601,MA,264950.0
24201,VA,66950.0
08015,NJ,129900.0
37748,TN,62339.0
06615,CT,196000.0
25414,WV,239500.0
48240,MI,79900.0
54166,WI,69950.0
33872,FL,73750.0
10605,NY,179900.0
90061,CA,402500.0
44092,OH,71675.0
97424,OR,212200.0
07206,NJ,229000.0
12508,NY,280000.0
01001,MA,144200.0
20657,MD,222149.0
08210,NJ,135570.0
19804,DE,139200.0
02190,MA,322205.5
33760,FL,114900.0
34235,FL,170000.0
84032,UT,285000.0
40361,KY,86450.0
33983,FL,126500.0
62223,IL,79900.0
12801,NY,114900.0
04073,ME,179900.0
60153,IL,114950.0
13662,NY,48250.0
60403,IL,140000.0
94564,CA,549000.0
89027,NV,150000.0
29569,SC,114853.0
34237,FL,140000.0
16117,PA,55000.0
17104,PA,55000.0
07735,NJ,245343.0
90222,CA,394600.0
34951,FL,140500.0
33777,FL,121900.0
98408,WA,254950.0
07508,NJ,275000.0
76574,TX,180719.0
54017,WI,187000.0
07205,NJ,239900.0
53094,WI,123900.0
48030,MI,80000.0
60465,IL,139900.0
49010,MI,105000.0
18109,PA,114950.0
77568,TX,117000.0
85901,AZ,97450.0
65613,MO,79900.0
01913,MA,299900.0
33316,FL,179700.0
08872,NJ,263500.0
44705,OH,43900.0
70714,LA,93250.0
10509,NY,267499.5
60805,IL,139900.0
95422,CA,149000.0
06226,CT,127450.0
44132,OH,69900.0
23325,VA,155000.0
22551,VA,212500.0
74127,OK,63452.0
78220,TX,95000.0
78644,TX,186900.0
15025,PA,35000.0
34142,FL,233990.0
60140,IL,159900.0
28574,NC,85500.0
92411,CA,242500.0
18013,PA,119900.0
63601,MO,59700.0
14615,NY,79900.0
53115,WI,130000.0
45410,OH,60000.0
48342,MI,52800.0
06385,CT,154800.0
82716,WY,182900.0
63074,MO,79950.0
05641,VT,138950.0
36870,AL,121900.0
07461,NJ,199900.0
14305,NY,56315.5
98274,WA,200749.0
46011,IN,79900.0
01247,MA,99000.0
34996,FL,115900.0
05478,VT,175000.0
74447,OK,54200.0
01550,MA,164159.5
15666,PA,69900.0
16508,PA,71176.0
33605,FL,129800.0
62035,IL,88950.0
15012,PA,69900.0
27576,NC,159750.0
46356,IN,139500.0
06468,CT,204450.0
29568,SC,107200.0
91384,CA,479500.0
97051,OR,283750.0
48043,MI,66900.0
19602,PA,49900.0
16502,PA,59900.0
47904,IN,77450.0
99517,AK,192450.0
02911,RI,212400.0
08232,NJ,79900.0
05201,VT,112900.0
94519,CA,548888.0
40212,KY,35000.0
18337,PA,194950.0
33034,FL,146500.0
85139,AZ,184900.0
18428,PA,159000.0
23605,VA,114700.0
16105,PA,44000.0
30273,GA,112000.0
30179,GA,143759.0
14611,NY,38425.0
08852,NJ,236250.0
77541,TX,123750.0
13669,NY,39900.0
83617,ID,167820.0
50313,IA,95000.0
29572,SC,92900.0
18705,PA,55450.0
32310,FL,72450.0
75134,TX,150000.0
91746,CA,469000.0
54603,WI,115000.0
08830,NJ,293000.0
03303,NH,145000.0
60436,IL,125000.0
22963,VA,173900.0
27504,NC,170000.0
23707,VA,129900.0
22546,VA,159900.0
18466,PA,79500.0
02019,MA,299900.0
53901,WI,129900.0
06351,CT,147413.0
16504,PA,66450.0
47167,IN,88500.0
46807,IN,55500.0
65806,MO,59700.0
02664,MA,315000.0
64024,MO,39000.0
14904,NY,52000.0
55008,MN,194900.0
96766,HI,280000.0
08110,NJ,99950.0
44030,OH,45450.0
83858,ID,249900.0
22025,VA,298200.0
12182,NY,119450.0
81503,CO,172400.0
96778,HI,175000.0
60104,IL,135000.0
77051,TX,84995.0
64056,MO,110000.0
37083,TN,149950.0
64870,MO,65250.0
61605,IL,20750.0
97038,OR,299850.0
24301,VA,69900.0
29902,SC,175000.0
98045,WA,205249.0
33523,FL,115000.0
03743,NH,119900.0
46303,IN,136100.0
98903,WA,141509.0
33050,FL,335000.0
44301,OH,64900.0
48225,MI,57899.0
11961,NY,235000.0
10530,NY,189950.0
97739,OR,234000.0
07480,NJ,199450.0
60417,IL,128000.0
60478,IL,110000.0
45403,OH,48064.5
78645,TX,214000.0
34785,FL,89925.0
92344,CA,279000.0
23661,VA,119900.0
28516,NC,133900.0
08107,NJ,105694.0
92225,CA,149800.0
94505,CA,574900.0
42211,KY,85000.0
61443,IL,54000.0
50316,IA,100950.0
49858,MI,59900.0
04090,ME,182900.0
97386,OR,170000.0
11726,NY,296161.0
12771,NY,136900.0
22553,VA,247990.0
07882,NJ,114950.0
12308,NY,113500.0
06416,CT,113950.0
01118,MA,162400.0
30103,GA,140347.0
97367,OR,171249.5
29936,SC,169000.0
98321,WA,345000.0
81520,CO,156750.0
63080,MO,75000.0
95954,CA,192500.0
23663,VA,107900.0
11362,NY,269000.0
61866,IL,65000.0
14901,NY,49400.0
07514,NJ,189000.0
44119,OH,62500.0
29920,SC,161000.0
01835,MA,275000.0
28604,NC,145000.0
23509,VA,138000.0
76707,TX,76000.0
11953,NY,209900.0
01850,MA,264900.0
14843,NY,49000.0
06096,CT,142900.0
87015,NM,184450.0
33966,FL,159000.0
74110,OK,45000.0
08882,NJ,241550.0
14619,NY,79900.0
77445,TX,131250.0
02673,MA,260774.0
07828,NJ,249900.0
20613,MD,249900.0
12538,NY,230000.0
32254,FL,55000.0
99114,WA,139250.0
33035,FL,139400.0
37406,TN,59900.0
80424,CO,416950.0
96749,HI,215000.0
95203,CA,239387.5
19036,PA,122000.0
64507,MO,51450.0
29907,SC,195000.0
08070,NJ,102500.0
06418,CT,140000.0
08215,NJ,74700.0
94805,CA,599000.0
25425,WV,229000.0
62052,IL,77200.0
98360,WA,306950.0
64505,MO,53450.0
08251,NJ,163933.5
60445,IL,114950.0
98674,WA,165900.0
95673,CA,299000.0
07001,NJ,261000.0
15003,PA,65000.0
06076,CT,119950.0
08846,NJ,259950.0
03878,NH,225000.0
63134,MO,50000.0
81650,CO,275000.0
92314,CA,229000.0
75862,TX,85000.0
95946,CA,319000.0
06424,CT,134900.0
49849,MI,68400.0
08069,NJ,89950.0
93015,CA,418750.0
39563,MS,61000.0
34288,FL,189000.0
32641,FL,88000.0
08030,NJ,80000.0
33974,FL,169900.0
60020,IL,134900.0
85622,AZ,129750.0
02571,MA,249900.0
33190,FL,184000.0
11950,NY,222500.0
11778,NY,259900.0
85714,AZ,135000.0
32219,FL,99000.0
08812,NJ,250000.0
15137,PA,68010.0
17103,PA,55000.0
34453,FL,99000.0
10924,NY,235000.0
39581,MS,70000.0
48160,MI,179900.0
15022,PA,48000.0
06098,CT,142500.0
23702,VA,125000.0
62095,IL,64500.0
62960,IL,48000.0
74128,OK,79750.0
36110,AL,27000.0
93505,CA,145000.0
31415,GA,60000.0
08805,NJ,255000.0
60633,IL,119000.0
07843,NJ,195000.0
08010,NJ,89777.0
20678,MD,264950.0
08031,NJ,132450.0
64501,MO,49250.0
22307,VA,220000.0
08004,NJ,119900.0
27214,NC,42000.0
08863,NJ,275000.0
60545,IL,132500.0
07062,NJ,238500.0
08051,NJ,123450.0
12586,NY,214000.0
33976,FL,162500.0
33972,FL,169900.0
06239,CT,174900.0
17102,PA,99900.0
92252,CA,194900.0
21788,MD,239950.0
80549,CO,286100.0
08079,NJ,79900.0
03570,NH,59900.0
18324,PA,109900.0
35660,AL,56500.0
99623,AK,200000.0
07734,NJ,199000.0
07885,NJ,216500.0
08201,NJ,99900.0
15656,PA,50449.5
46405,IN,77500.0
92325,CA,225000.0
14103,NY,58500.0
03077,NH,274950.0
11798,NY,239999.0
47978,IN,96949.5
60097,IL,130000.0
10918,NY,224999.0
95726,CA,289450.0
97426,OR,169999.0
07438,NJ,235000.0
61727,IL,70400.0
13350,NY,70700.0
07456,NJ,259900.0
07442,NJ,249900.0
60475,IL,94900.0
99518,AK,215000.0
93543,CA,302500.0
12566,NY,179950.0
32134,FL,46500.0
11575,NY,259900.0
12569,NY,266950.0
62024,IL,61165.5
06382,CT,159900.0
21853,MD,99900.0
49646,MI,98000.0
64429,MO,75750.0
98446,WA,299950.0
10970,NY,198500.0
98252,WA,314975.0
98328,WA,264000.0
07502,NJ,234900.0
20732,MD,274995.0
07419,NJ,203000.0
08835,NJ,239000.0
85123,AZ,141000.0
05156,VT,108900.0
60422,IL,144950.0
11713,NY,215000.0
01475,MA,175950.0
98327,WA,334950.0
08083,NJ,124500.0
98418,WA,259999.0
80640,CO,319000.0
31064,GA,129900.0
08758,NJ,209950.0
12549,NY,249000.0
20640,MD,179900.0
42262,KY,89900.0
15690,PA,48250.0
92315,CA,249900.0
64129,MO,74900.0
48915,MI,64900.0
08722,NJ,229900.0
98580,WA,310000.0
08322,NJ,108700.0
07063,NJ,239900.0
15417,PA,55000.0
08086,NJ,148700.0
18210,PA,106450.0
98816,WA,155000.0
36107,AL,40000.0
63703,MO,59000.0
92371,CA,252000.0
65622,MO,73000.0
07849,NJ,225000.0
33070,FL,368500.0
54495,WI,64900.0
15204,PA,49900.0
98329,WA,292250.0
62246,IL,64900.0
18328,PA,129950.0
08098,NJ,137000.0
10927,NY,265000.0
15145,PA,45500.0
60425,IL,127820.5
37738,TN,109750.0
03244,NH,164950.0
10992,NY,277450.0
62626,IL,66900.0
07874,NJ,227000.0
08066,NJ,74900.0
08065,NJ,135000.0
07524,NJ,199680.0
06374,CT,165000.0
08848,NJ,199900.0
07421,NJ,165000.0
24013,VA,63975.0
76537,TX,189900.0
54153,WI,84000.0
10930,NY,249000.0
41014,KY,65950.0
95832,CA,257000.0
78725,TX,201990.0
08312,NJ,99999.0
07403,NJ,257450.0
85643,AZ,80000.0
07462,NJ,115000.0
25438,WV,199900.0
33043,FL,375000.0
92356,CA,131500.0
11789,NY,284450.0
12428,NY,118499.5
08734,NJ,249900.0
03835,NH,179000.0
04009,ME,169900.0
92342,CA,229900.0
07422,NJ,167269.0
81635,CO,222950.0
97002,OR,169499.0
31816,GA,71000.0
18426,PA,149900.0
21817,MD,65073.0
96704,HI,194000.0
21716,MD,202500.0
19032,PA,119900.0
10925,NY,203500.0
07850,NJ,252400.0
12090,NY,104900.0
99109,WA,119900.0
07416,NJ,163900.0
92382,CA,216000.0
60957,IL,72800.0
92004,CA,225000.0
85321,AZ,90000.0
12122,NY,104900.0
22642,VA,229000.0
84310,UT,130500.0
08751,NJ,235000.0
96771,HI,188000.0
96748,HI,179999.0
18347,PA,99894.0
99688,AK,143500.0
85631,AZ,93000.0
92386,CA,205000.0
22958,VA,119000.0
22967,VA,121900.0
78402,TX,65000.0
87520,NM,56247.5
18624,PA,123200.0
